PDB,Channel,VSDI ,VSDII,VSDIII,VSDIV,AG1,AG2,IFM ,SF,AG1XAG2
7DTD,hNaV1.1 ,17.701,15.692,21.801,22.376,13.758,15.43,7.098,10.596,212.28594
6J8E,hNaV1.2,17.58,14.71,21.534,21.332,13.701,14.27,6.568,10.754,195.51327
7W7F,hNaV1.3,19.099,15.093,21.307,22.221,13.041,14.2,6.506,9.699,185.1822
7W77,hNaV1.3,18.933,15.592,21.6,22.067,13.076,14.292,6.583,10.104,186.882192
6AGF,hNaV1.4,16.579,14.934,21.886,21.563,13.503,14.468,7.01,10.72,195.361404
6LQA,hNaV1.5,16.07,15.832,21.439,21.955,12.819,14.772,6.984,10.848,189.362268
7DTC,hNaV1.5,16.165,16.064,20.896,21.691,12.432,13.59,6.743,10.93,168.95088
8GZ1,hNaV1.6,16.852,15.815,21.956,20.798,13.445,15.174,7.313,10.524,204.01443
8GZ2,hNaV1.6,16.979,15.19,21.424,20.388,13.527,15.027,7.022,10.235,203.270229
8FHD,hNaV1.6,16.726,14.858,21.91,20.568,13.721,14.618,7.273,10.46,200.573578
7W9K,hNaV1.7,16.452,13.211,21.811,19.461,13.173,14.877,7.193,11.018,195.974721
7W9L,hNaV1.7,16.593,12.5,21.315,19.023,12.848,14.223,7.246,10.502,182.737104
7W9M,hNaV1.7,16.394,11.108,21.703,19.41,12.681,13.359,7.203,10.544,169.405479
7W9P,hNaV1.7,16.086,10.272,21.989,19.584,12.26,12.335,7.362,10.811,151.2271
7W9T,hNaV1.7,16.325,12.709,21.859,19.047,13.093,14.566,7.365,10.928,190.712638
7WE4,hNaV1.8,13.926,15.234,21.558,21.917,13.014,13.815,6.957,10.808,179.78841
7WEL,hNaV1.8,15.53,15.024,21.923,22.047,12.915,13.526,6.89,10.563,174.68829
7WFR,hNaV1.8,14.32,15.728,21.873,21.699,13.041,14.189,6.928,10.786,185.038749
7WFW,hNaV1.8,-,15.352,21.613,21.468,12.864,14.893,6.523,10.988,191.583552
7TJ8,hNaVX,15.712,15.249,18.027,13.128,13.496,13.873,7.446,11.284,187.230008
6NT4,"hNaV1.7 (chimera, VSDIV deact)",-,-,-,11.239,-,-,29.546,-,
6N4R,"hNaV1.7 (chimera, VSDII deact Ptx2)",-,11.138,-,-,-,-,-,-,
7K48,"hNaV1.7 (chimera, VSDII deact HWTX4)",-,9.566,-,-,-,-,-,-,
7FBS,NaV1.5 (AG open),-,-,-,-,13.824,14.58,-,-,201.55392
8J7M,NaVEh (Slow Inactivated),-,-,-,-,-,-,-,12.154,